Month,Demand
1,108.7317
2,118.3473
3,121.3558
4,126.2914
5,128.6435
6,126.1966
7,117.3796
8,108.1154
9,101.8545
10,95.0537
11,94.7248
12,95.4915
13,103.5005
14,110.0006
15,118.9750
16,127.4835
17,131.2652
18,129.7486
19,118.7134
20,111.8108
21,103.0174
22,95.6555
23,95.9878
24,101.3456
25,112.6169
26,119.1898
27,128.6802
28,124.7857
29,125.5388
30,122.8523
31,115.4511
32,110.2764
33,102.4371
34,100.1074
35,101.3108
36,101.8363
37,108.0366
38,115.9875
39,123.0074
40,126.0299
41,125.5220
42,123.8544
43,115.5895
44,107.0264
45,102.2489
46,99.4136
47,98.5451
48,99.1571
49,101.8901
50,111.6537
51,119.9765
52,127.5943
53,130.5670
54,125.8209
55,118.6897
56,110.5987
57,103.4345
58,99.7884
59,101.8124
60,105.3581
61,111.8843
62,118.5907
63,123.8803
64,126.9883
65,126.6179
66,123.9237
67,119.7772
68,109.6535
69,100.3605
70,96.9568
71,101.9618
72,101.9975
73,106.1006
74,113.9621
75,121.0620
76,124.8550
77,127.1138
78,121.9021
79,111.9651
80,105.9540
81,98.1195
82,95.2869
83,95.2618
84,99.8195
85,105.3521
86,111.8658
87,117.9055
88,124.5258
89,121.6279
90,120.1667
91,114.5836
92,109.7484
93,98.8718
94,94.9271
95,95.9532
96,97.4560
97,108.1668
98,114.2218
99,120.2791
100,129.8206
101,132.7524
102,130.3190
103,123.1751
104,111.8000
105,99.2445
106,96.9939
107,100.4192
108,102.5417
109,108.2597
110,116.4660
111,123.6009
112,130.6738
113,133.6506
114,131.1413
115,121.4358
116,113.9472
117,105.9201
118,100.6931
119,95.4838
120,97.2258
